City_ID,City,Lat,Lng,Max Temp,Humidity,Cloudiness,Wind Speed,Country,Date
0,shingu,33.7333,135.9833,27.22,78,2,0.43,JP,1726180581
1,grytviken,-54.2811,-36.5092,-0.06,85,54,5.56,GS,1726180582
2,bredasdorp,-34.5322,20.0403,9.38,92,98,2.15,ZA,1726180583
3,albany,42.6001,-73.9662,22.59,69,13,0.95,US,1726180501
4,isafjordur,66.0755,-23.124,2.25,81,42,2.18,IS,1726180586
5,port-aux-francais,-49.35,70.2167,-0.51,62,86,7.45,TF,1726180587
6,wailua homesteads,22.0669,-159.378,28.44,72,20,4.63,US,1726180588
7,badger,64.8,-147.5333,12.95,64,100,4.12,US,1726180589
8,tejen,37.3834,60.5054,19.92,21,0,1.0,TM,1726180590
9,hamilton,39.1834,-84.5333,29.58,38,0,7.2,US,1726180456
10,horta,38.5333,-28.6333,23.34,81,60,6.26,PT,1726180593
11,happy valley-goose bay,53.3168,-60.3315,16.17,36,40,2.57,CA,1726180594
12,edinburgh of the seven seas,-37.0676,-12.3116,13.55,86,100,10.59,SH,1726180595
13,usogorsk,63.4106,48.6872,14.92,93,99,1.97,RU,1726180596
14,hilo,19.7297,-155.09,26.85,89,100,6.17,US,1726180559
15,waitangi,-43.9535,-176.5597,12.68,92,99,2.24,NZ,1726180598
16,sur,22.5667,59.5289,26.81,72,4,5.75,OM,1726180600
17,iqaluit,63.7506,-68.5145,5.85,75,75,4.12,CA,1726180601
18,yellowknife,62.456,-114.3525,14.29,88,75,5.14,CA,1726180602
19,adamstown,-25.066,-130.1015,18.98,67,4,7.2,PN,1726180603
20,blackmans bay,-43.0167,147.3167,10.29,91,80,0.45,AU,1726180604
21,horsham,51.064,-0.3272,7.78,83,0,2.06,GB,1726180582
22,punta arenas,-53.15,-70.9167,2.06,80,40,11.32,CL,1726180375
23,bikenibeu village,1.3673,173.1241,30.98,62,40,4.63,KI,1726180608
24,qaqortoq,60.7167,-46.0333,6.93,96,100,0.47,GL,1726180609
25,godda,24.8333,87.2167,28.6,77,100,3.31,IN,1726180610
26,sonoita,31.85,-112.8333,34.43,14,0,10.81,MX,1726180611
27,ushuaia,-54.8,-68.3,-0.19,69,40,2.06,AR,1726180199
28,tiksi,71.6872,128.8694,-0.23,92,91,1.71,RU,1726180613
29,corupa,-26.4253,-49.2431,22.48,96,17,0.7,BR,1726180615
30,west island,-12.1568,96.8225,25.99,78,20,7.2,CC,1726180617
31,amga,60.8953,131.9608,4.46,98,100,5.01,RU,1726180618
32,thompson,55.7435,-97.8558,13.09,88,100,2.06,CA,1726180545
33,quellon,-43.1167,-73.6167,7.72,93,100,3.91,CL,1726180621
34,puerto ayora,-0.7393,-90.3518,20.86,96,75,2.24,EC,1726180622
35,taltal,-25.4,-70.4833,15.27,76,17,1.34,CL,1726180623
36,khovd,48.0056,91.6419,8.07,86,51,1.77,MN,1726180624
37,broken hill,-31.95,141.4333,10.01,63,2,7.46,AU,1726180625
38,hayang,35.9133,128.82,24.87,94,75,0.51,KR,1726180626
39,constantia,44.1833,28.65,19.38,75,0,3.32,RO,1726180627
40,sao joao da barra,-21.6403,-41.0511,24.05,80,0,14.74,BR,1726180507
41,gadzhiyevo,69.2551,33.3362,14.16,91,35,4.89,RU,1726180630
42,ancud,-41.8697,-73.8203,8.23,87,100,3.45,CL,1726180379
43,invercargill,-46.4,168.35,8.34,83,38,0.89,NZ,1726180632
44,margaret river,-33.95,115.0667,11.89,74,100,3.96,AU,1726180633
45,lebu,-37.6167,-73.65,9.45,86,7,4.84,CL,1726180359
46,longyearbyen,78.2186,15.6401,3.91,75,75,12.86,SJ,1726180636
47,papatowai,-46.5619,169.4708,7.29,75,69,1.79,NZ,1726180637
48,east london,-33.0153,27.9116,19.57,87,67,4.16,ZA,1726180638
49,luderitz,-26.6481,15.1594,11.78,70,0,3.4,NA,1726180639
50,helena valley west central,46.6629,-112.0604,15.49,57,100,6.69,US,1726180640
51,yeppoon,-23.1333,150.7333,22.6,64,43,3.35,AU,1726180641
52,ribeira grande,38.5167,-28.7,23.76,81,62,6.26,PT,1726180643
53,sinabang,2.4803,96.3801,25.64,86,100,2.07,ID,1726180644
54,afaahiti,-17.75,-149.2833,23.92,86,42,9.15,PF,1726180645
55,colonia,50.9333,6.95,9.97,86,12,1.17,DE,1726180646
56,olonkinbyen,70.9221,-8.7187,2.08,96,100,13.71,SJ,1726180647
57,gulf shores,30.246,-87.7008,28.03,77,75,3.09,US,1726180535
58,utrik,11.2278,169.8474,28.41,77,51,4.43,MH,1726180650
59,malinyi,-8.9333,36.1333,22.79,51,86,0.83,TZ,1726180651
60,chinde,26.8212,87.7095,25.02,65,68,2.93,NP,1726180652
61,dryden,49.7833,-92.7503,23.16,78,0,3.09,CA,1726180653
62,aldan,58.6031,125.3894,2.19,98,100,6.72,RU,1726180654
63,suntar,62.1444,117.6319,6.83,91,100,4.96,RU,1726180655
64,howrah,22.5892,88.3103,30.0,94,75,1.54,IN,1726180656
65,luwuk,-0.9516,122.7875,22.3,86,100,3.25,ID,1726180658
66,narrabri,-30.3167,149.7833,14.18,76,3,2.68,AU,1726180659
67,embi,48.8264,58.1442,15.77,44,57,8.93,KZ,1726180660
68,nyurba,63.2842,118.3319,2.31,83,54,3.41,RU,1726180661
69,urucara,-2.5364,-57.76,34.69,27,26,2.72,BR,1726180662
70,chonchi,-42.6128,-73.8092,10.07,92,100,1.65,CL,1726180663
71,hawaiian paradise park,19.5933,-154.9731,26.73,89,100,6.17,US,1726180665
72,flin flon,54.7682,-101.865,12.91,94,100,4.63,CA,1726180666
73,el haouaria,37.05,11.0144,25.01,72,22,7.02,TN,1726180667
74,stanley,54.868,-1.6985,4.17,92,0,1.03,GB,1726180443
75,maragogi,-9.0122,-35.2225,23.14,87,40,4.79,BR,1726180669
76,kailua-kona,19.6406,-155.9956,30.15,78,40,5.14,US,1726180670
77,tosontsengel,48.7567,98.2839,5.85,88,100,1.24,MN,1726180672
78,colby,39.3958,-101.0524,31.03,36,0,14.92,US,1726180673
79,fisterra,42.9049,-9.2629,16.57,81,35,7.41,ES,1726180674
80,vadso,70.0744,29.7487,13.09,82,55,1.54,NO,1726180675
81,vilyuchinsk,52.9306,158.4028,11.15,77,95,3.38,RU,1726180676
82,bethel,41.3712,-73.414,22.23,72,4,1.47,US,1726180627
83,inirida,3.8653,-67.9239,26.57,79,96,0.56,CO,1726180679
84,samana,19.2056,-69.3369,25.78,86,6,1.94,DO,1726180680
85,tofol,5.3248,163.0078,29.21,71,87,4.08,FM,1726180681
86,puerto natales,-51.7236,-72.4875,2.25,87,75,9.77,CL,1726180682
87,port elizabeth,-33.918,25.5701,13.51,94,0,1.54,ZA,1726180396
88,port mathurin,-19.6833,63.4167,21.58,72,7,3.01,MU,1726180684
89,kargopol',61.5071,38.9456,18.52,64,87,3.18,RU,1726180685
90,ndofane,13.9167,-15.9333,24.89,90,100,4.22,SN,1726180687
91,glace bay,46.1969,-59.957,16.25,89,75,4.63,CA,1726180524
92,vorgashor,67.5833,63.95,11.27,94,75,3.66,RU,1726180689
93,new norfolk,-42.7826,147.0587,10.95,61,74,3.28,AU,1726180690
94,hermanus,-34.4187,19.2345,12.11,85,80,0.81,ZA,1726180691
95,ciudad bolivar,8.1222,-63.5497,30.61,59,86,5.19,VE,1726180692
96,zhumysker,49.3333,49.4,18.67,38,100,5.76,KZ,1726180694
97,ariquemes,-9.9133,-63.0408,33.41,28,38,0.79,BR,1726180202
98,recani,31.2846,-4.2688,24.82,46,0,4.94,MA,1726180696
99,saltash,50.4096,-4.2251,8.31,87,3,4.42,GB,1726180697
100,bilibino,68.0546,166.4372,7.81,60,39,1.36,RU,1726180698
101,atafu village,-8.5421,-172.5159,28.23,74,59,7.59,TK,1726180699
102,cockburn town,21.4612,-71.1419,28.9,78,85,5.57,TC,1726180701
103,ulladulla,-35.35,150.4667,12.57,58,20,2.65,AU,1726180702
104,elvas,38.8815,-7.1628,22.03,62,7,3.16,PT,1726180703
105,el calafate,-50.3408,-72.2768,2.43,72,1,5.89,AR,1726180704
106,mossel bay,-34.1831,22.146,13.96,89,34,3.27,ZA,1726180705
107,cabo san lucas,22.8909,-109.9124,32.09,67,100,5.14,MX,1726180581
108,petropavlovsk-kamchatsky,53.0452,158.6483,10.33,76,40,1.0,RU,1726180707
109,senanga,-16.1167,23.2667,22.62,29,85,2.74,ZM,1726180709
110,tura,25.5198,90.2201,25.43,88,100,1.34,IN,1726180710
111,flying fish cove,-10.4217,105.6791,24.82,88,100,5.66,CX,1726180711
112,namibe,-15.1961,12.1522,17.25,89,43,1.03,AO,1726180712
113,la ronge,55.1001,-105.2842,13.14,94,100,7.2,CA,1726180713
114,holualoa,19.6228,-155.9522,28.08,78,40,5.14,US,1726180714
115,jamestown,42.097,-79.2353,27.23,44,0,1.34,US,1726180553
116,la passe,45.5549,-0.8967,13.68,77,33,4.5,FR,1726180717
117,moscow,55.7522,37.6156,21.32,51,100,4.73,RU,1726180688
118,lihue,21.9789,-159.3672,28.77,67,20,4.63,US,1726180845
119,sungai penuh,-2.0833,101.3833,19.26,82,94,0.79,ID,1726180846
120,haiku-pauwela,20.9219,-156.3051,29.57,75,20,12.07,US,1726180848
121,ebon,4.582,168.6964,28.46,62,83,2.42,MH,1726180849
122,kalaleh,37.3807,55.4916,23.47,78,48,1.39,IR,1726180850
123,tulum,20.2167,-87.4667,28.9,73,100,2.07,MX,1726180851
124,port alfred,-33.5906,26.891,15.66,95,14,1.96,ZA,1726180852
125,viedma,-40.8135,-62.9967,13.51,30,20,4.25,AR,1726180609
126,kirovskaya,46.9748,40.0402,22.71,35,100,7.49,RU,1726180857
127,mili,6.0815,171.735,28.13,74,12,1.93,MH,1726180858
128,codrington,-38.2667,141.9667,12.22,83,100,4.02,AU,1726180859
129,anadyr,64.75,177.4833,9.28,93,100,5.0,RU,1726180861
130,novouzensk,50.4592,48.1431,17.9,43,100,5.75,RU,1726180862
131,kazanskoye,55.6448,69.235,11.27,94,23,3.4,RU,1726180863
132,arraial do cabo,-22.9661,-42.0278,23.41,80,0,15.1,BR,1726180864
133,trairi,-3.2778,-39.2689,25.02,81,26,5.47,BR,1726180595
134,borogontsy,62.6683,131.1683,6.47,90,100,5.69,RU,1726180867
135,alaghsas,17.0187,8.0168,29.85,44,92,2.71,NE,1726180868
136,as samawah,31.332,45.2944,33.84,21,0,6.66,IQ,1726180869
137,ust-nera,64.5667,143.2,7.46,82,85,2.76,RU,1726180870
138,susuman,62.7833,148.1667,4.46,95,100,0.87,RU,1726180871
139,talnakh,69.4865,88.3972,3.99,94,100,5.21,RU,1726180872
140,al kharijah,25.4514,30.5464,32.32,30,2,5.5,EG,1726180695
141,vila franca do campo,37.7167,-25.4333,21.23,86,98,2.28,PT,1726180875
142,guerrero negro,27.9769,-114.0611,22.53,64,1,7.69,MX,1726180876
143,aasiaat,68.7098,-52.8699,-2.15,78,3,3.24,GL,1726180877
144,fale old settlement,-9.3852,-171.2468,27.87,79,58,6.32,TK,1726180878
145,kapa'a,22.0752,-159.319,29.18,70,20,4.63,US,1726180879
146,carnarvon,-24.8667,113.6333,22.94,58,0,3.82,AU,1726180881
147,yankton,42.8711,-97.3973,29.14,39,0,11.32,US,1726180610
148,kununurra,-15.7667,128.7333,28.99,24,75,5.66,AU,1726180776
149,champerico,14.3,-91.9167,29.68,73,25,2.89,GT,1726180884
150,carlsbad,33.1581,-117.3506,26.25,67,0,5.14,US,1726180632
151,kandiari,26.9156,68.5216,28.03,70,0,6.11,PK,1726180886
152,mto wa mbu,-3.35,35.85,20.11,61,88,1.77,TZ,1726180887
153,hatillo,18.4863,-66.8254,27.66,86,49,0.81,PR,1726180889
154,tera,14.0078,0.7531,30.32,64,82,4.62,NE,1726180890
155,mhamid,29.82,-5.72,26.44,40,0,8.32,MA,1726180891
156,aykhal,66.0,111.5,-0.7,88,85,9.44,RU,1726180892
157,alice springs,-23.7,133.8833,12.75,38,70,4.63,AU,1726180893
158,island harbour,50.724,-1.2758,8.89,72,7,1.34,GB,1726180895
159,filiatra,37.15,21.5833,25.48,67,16,3.23,GR,1726180896
160,enewetak,11.3474,162.3373,28.53,76,100,4.0,MH,1726180897
161,tralee,52.2704,-9.7026,7.02,86,52,1.0,IE,1726180898
162,whitehorse,60.7161,-135.0538,11.68,71,75,8.75,CA,1726180806
163,independence,39.0911,-94.4155,29.92,38,40,4.63,US,1726180900
164,al jabin,14.704,43.599,24.9,62,99,0.65,YE,1726180902
165,boden,65.8252,21.6886,9.58,87,84,2.3,SE,1726180903
166,tomatlan,19.9333,-105.25,27.72,90,96,3.95,MX,1726180904
167,udachny,66.4167,112.4,-0.35,80,92,9.02,RU,1726180905
168,boguchany,58.3814,97.4531,6.13,87,100,1.09,RU,1726180906
169,kruisfontein,-34.0033,24.7314,12.81,84,0,2.82,ZA,1726180907
170,siran,40.1894,39.1267,16.27,73,0,1.65,TR,1726180909
171,queenstown,-31.8976,26.8753,10.26,60,3,1.05,ZA,1726180816
172,tukrah,32.5341,20.5791,25.45,66,2,0.64,LY,1726180911
173,hithadhoo,-0.6,73.0833,28.43,73,40,3.06,MV,1726180912
174,inarajan village,13.2736,144.7484,29.11,90,100,7.98,GU,1726180913
175,ruston,32.5232,-92.6379,20.9,100,100,3.09,US,1726180914
176,shani,10.2162,12.062,24.87,88,83,0.45,NG,1726180916
177,saipan,15.1355,145.701,29.39,84,75,7.72,MP,1726180917
178,marapanim,-0.7175,-47.6997,25.47,83,32,3.09,BR,1726180918
179,lazaro cardenas,17.9583,-102.2,29.19,77,64,1.81,MX,1726180919
180,banyo,6.75,11.8167,18.38,96,55,1.18,CM,1726180920
181,plastun,44.7561,136.2939,17.89,71,100,1.78,RU,1726180921
182,mount pearl,47.5166,-52.7813,15.74,75,20,3.09,CA,1726180923
183,ilulissat,69.2167,-51.1,3.01,70,0,0.0,GL,1726180924
184,vila velha,-20.3297,-40.2925,23.97,83,0,6.69,BR,1726180793
185,santo domingo de los colorados,-0.25,-79.15,23.95,79,90,0.53,EC,1726180926
186,mineros,-17.1167,-63.2333,30.05,28,3,2.32,BO,1726180927
187,miri,4.4148,114.0089,24.08,94,40,1.54,MY,1726180930
188,aqaba,29.5267,35.0078,31.92,27,0,5.14,JO,1726180931
189,tagab,34.855,69.6492,19.14,23,0,1.48,AF,1726180932
190,sarandi del yi,-33.35,-55.6333,9.77,79,99,5.88,UY,1726180933
191,brokopondo,4.75,-55.1667,30.32,54,22,2.16,SR,1726180934
192,georgetown,5.4112,100.3354,25.96,93,40,3.13,MY,1726180935
193,san patricio,28.017,-97.5169,32.97,48,33,5.0,US,1726180936
194,varzea da palma,-17.5981,-44.7308,25.56,29,0,1.03,BR,1726180938
195,monaghan,54.25,-6.9667,4.26,88,6,1.85,IE,1726180939
196,geraldton,-28.7667,114.6,15.23,63,0,3.6,AU,1726180940
197,namdrik,5.5994,168.1028,29.04,65,84,3.8,MH,1726180941
198,kodiak,57.79,-152.4072,15.73,59,0,12.35,US,1726180826
199,pizarro,4.9533,-77.366,26.63,85,100,2.78,CO,1726180943
200,kingston,17.997,-76.7936,28.53,89,40,3.09,JM,1726180945
201,iquique,-20.2208,-70.1431,15.49,82,54,1.27,CL,1726180916
202,klyuchi,52.2667,79.1667,6.23,95,45,3.74,RU,1726180948
203,badagry,6.4167,2.8833,24.55,93,55,3.08,NG,1726180949
204,alpena,45.0617,-83.4327,27.18,79,0,3.09,US,1726180950
205,polyarnyy,69.1989,33.4478,13.78,92,36,5.05,RU,1726180952
206,sitangkai,4.6628,119.3928,28.82,78,98,9.71,PH,1726180953
207,bandon,51.7469,-8.7425,8.77,83,35,2.22,IE,1726180954
208,belyye berega,53.2085,34.6641,19.84,33,78,4.52,RU,1726180955
209,kimbe,-5.5502,150.1429,27.34,86,100,1.54,PG,1726180957
210,otjimbingwe,-22.35,16.1333,18.23,23,0,1.0,NA,1726180959
211,box elder,41.5005,-112.8764,19.48,31,84,6.12,US,1726180960
212,neiafu,-18.65,-173.9833,27.38,69,40,7.2,TO,1726180961
213,koniecpol,50.7747,19.689,10.64,90,100,4.05,PL,1726180962
214,clewiston,26.7542,-80.9337,29.68,73,100,1.67,US,1726180664
215,praia da vitoria,38.7333,-27.0667,23.2,83,20,2.35,PT,1726180964
216,maralal,1.0968,36.698,15.13,64,94,2.06,KE,1726180966
217,korla,41.7597,86.1469,18.3,42,0,4.8,CN,1726180808
218,colonia menno,-22.3667,-59.8167,26.91,35,3,3.64,PY,1726180968
219,kawm umbu,24.4767,32.9463,33.96,20,0,3.94,EG,1726180969
220,zaozersk,69.4005,32.4476,14.37,88,25,3.74,RU,1726180970
221,saint-pierre,-21.3393,55.4781,20.82,68,3,3.09,RE,1726180971
222,tsiombe,-25.3,45.4833,18.24,69,11,5.16,MG,1726180973
223,naha,26.2125,127.6811,27.95,85,75,4.63,JP,1726180729
224,talara,-4.5772,-81.2719,21.42,83,0,7.2,PE,1726180975
225,mandalgovi,45.7625,106.2708,7.61,86,100,5.36,MN,1726180977
226,namtsy,62.7161,129.6658,5.85,78,100,7.59,RU,1726180978
227,kalabo,-14.97,22.6814,23.1,31,9,3.21,ZM,1726180980
228,khvansar,33.2205,50.315,16.44,20,11,2.69,IR,1726180981
229,sibanicu,21.235,-77.5264,28.18,75,100,3.89,CU,1726180982
230,nouadhibou,20.931,-17.0347,20.99,83,0,9.26,MR,1726180983
231,st. john's,47.5649,-52.7093,16.2,75,20,3.09,CA,1726180721
232,kavaratti,10.5669,72.642,26.86,85,97,3.43,IN,1726180985
233,dolinsk,47.35,142.8,13.85,51,99,3.81,RU,1726180986
234,rudnichnyy,59.617,52.4703,13.79,98,45,1.88,RU,1726180988
235,machico,32.7,-16.7667,22.78,74,40,9.77,PT,1726180989
236,moshi,-3.35,37.3333,18.37,83,74,0.44,TZ,1726180990
237,kristinestad,62.2743,21.376,12.34,82,100,1.53,FI,1726180992
238,san carlos,9.6612,-68.5827,26.08,86,100,2.0,VE,1726180993
239,selfoss,63.9331,-20.9971,6.14,80,88,1.8,IS,1726180995
240,dombarovskiy,50.7587,59.5386,12.55,62,0,6.62,RU,1726180996
241,baker city,44.7749,-117.8344,17.84,48,100,4.63,US,1726180998
242,egilsstadir,65.2653,-14.3948,1.95,64,20,1.03,IS,1726180999
243,ust'-uda,54.1742,103.0304,0.87,93,1,1.25,RU,1726181001
244,la sarre,48.8002,-79.1996,20.53,80,44,1.32,CA,1726181002
245,princeville,45.7668,-61.2985,16.36,83,0,1.54,CA,1726180876
246,mount isa,-20.7333,139.5,20.87,21,0,6.17,AU,1726181004
247,nadi,-17.8,177.4167,30.0,54,20,3.6,FJ,1726181005
248,fort st. john,56.2499,-120.8529,18.94,45,40,2.57,CA,1726181006
249,sitka,57.0531,-135.33,14.94,72,100,3.6,US,1726181007
250,uturoa,-16.7333,-151.4333,25.91,82,41,8.11,PF,1726181009
251,zhezqazghan,47.7833,67.7667,11.04,45,1,8.93,KZ,1726181010
252,carutapera,-1.195,-46.02,26.05,78,41,5.17,BR,1726181011
253,greymouth,-42.4667,171.2,8.07,95,100,4.05,NZ,1726181012
254,verkhnevilyuysk,63.4453,120.3167,2.08,84,55,3.99,RU,1726181013
255,newman,37.3138,-121.0208,28.92,15,0,5.74,US,1726181014
256,road town,18.4167,-64.6167,30.02,74,40,2.57,VG,1726180933
257,marquette,46.5333,-87.6335,22.8,79,0,0.89,US,1726181017
258,sao jose da coroa grande,-8.8978,-35.1478,23.5,85,40,5.25,BR,1726181018
259,madaoua,14.073,5.96,29.68,62,22,5.59,NE,1726181019
260,ghat,24.9647,10.1728,28.06,57,100,8.65,LY,1726181020
261,columbia falls,48.3725,-114.1815,13.82,88,100,3.09,US,1726181021
262,nishinoomote,30.7333,131.0,28.43,76,26,7.84,JP,1726181023
263,avarua,-21.2078,-159.775,27.03,69,75,6.69,CK,1726181024
264,port lincoln,-34.7333,135.8667,12.67,67,11,1.91,AU,1726181025
265,shchuchinsk,52.9333,70.2,12.16,93,100,4.02,KZ,1726181026
266,brookings,44.3114,-96.7984,28.0,42,0,8.75,US,1726181015
267,nemuro,43.3236,145.575,18.35,73,100,2.51,JP,1726181028
268,san andres,12.5847,-81.7006,31.01,74,20,2.57,CO,1726181008
269,slave lake,55.2834,-114.769,15.99,67,40,2.06,CA,1726181031
270,college,64.8569,-147.8028,12.99,62,100,3.09,US,1726181032
271,reggane,26.7158,0.1714,35.89,13,1,1.64,DZ,1726181033
272,fort bragg,35.139,-79.006,26.91,64,20,3.6,US,1726181034
273,mahajanga,-15.7167,46.3167,23.01,94,0,2.06,MG,1726181035
274,san antonio de pale,-1.4014,5.6325,24.04,87,100,6.74,GQ,1726181036
275,christchurch,-43.5333,172.6333,10.51,80,100,4.12,NZ,1726180578
276,terenozek,45.05,64.9833,17.96,25,1,6.67,KZ,1726181039
277,shibetsu,43.659,145.132,19.13,67,99,2.28,JP,1726181040
278,vorkuta,67.5,64.0,11.14,93,72,3.66,RU,1726181041
279,chingirlau,51.095,54.0814,13.65,55,0,5.93,KZ,1726181042
280,quang ngai,15.1167,108.8,25.11,90,72,1.55,VN,1726180814
281,sao gabriel da cachoeira,-0.1303,-67.0892,30.38,53,72,1.49,BR,1726181045
282,salinopolis,-0.6136,-47.3561,26.76,81,24,7.35,BR,1726181046
283,montepuez,-13.1256,38.9997,20.87,81,29,1.66,MZ,1726181047
284,crane,31.3974,-102.3501,33.63,23,0,6.46,US,1726181028
285,lexington,37.9887,-84.4777,25.07,45,100,0.45,US,1726180809
286,tazovsky,67.4667,78.7,9.69,97,89,4.71,RU,1726181050
287,grand falls-windsor,48.9332,-55.6649,9.89,65,3,1.6,CA,1726181051
288,khanty-mansiysk,61.0042,69.0019,11.06,100,0,2.0,RU,1726181053
289,mao,39.8885,4.2658,18.31,68,75,7.72,ES,1726181054
290,ibia,-19.4783,-46.5389,22.56,30,0,2.82,BR,1726181055
291,lata,40.1629,-8.3327,15.91,94,53,2.11,PT,1726181056
292,nosy varika,-20.5833,48.5333,21.4,90,99,3.76,MG,1726181058
293,patterson,37.4716,-121.1297,29.97,16,0,5.6,US,1726181059
294,koulamoutou,-1.1303,12.4736,21.99,98,60,0.31,GA,1726181060
295,concepcion,-36.827,-73.0498,11.89,71,0,6.17,CL,1726181061
296,changyon,38.2508,125.0961,23.85,99,100,3.43,KP,1726181062
297,cidreira,-30.1811,-50.2056,16.29,98,100,5.79,BR,1726181063
298,howard springs,-12.497,131.047,26.04,85,55,2.01,AU,1726181065
299,callaway,30.153,-85.5699,28.33,86,56,3.13,US,1726181066
300,anajatuba,-3.2644,-44.6197,26.54,71,85,3.7,BR,1726181067
301,bhamo,24.2667,97.2333,23.18,93,100,0.28,MM,1726181068
302,dunedin,-45.8742,170.5036,8.22,85,99,0.99,NZ,1726181069
303,yuzhno-kurilsk,44.0306,145.8556,19.76,65,95,1.97,RU,1726181070
304,salacgriva,57.7536,24.3581,16.36,97,100,2.31,LV,1726181071
305,al bayda',32.7627,21.7551,20.08,84,11,1.31,LY,1726181073
306,berber,18.0216,33.983,37.44,21,97,2.0,SD,1726181074
307,andergrove,-21.0833,149.1833,22.17,76,12,4.47,AU,1726181075
308,celestun,20.8667,-90.4,30.13,73,48,3.55,MX,1726181076
309,sidi qacem,34.2215,-5.7078,22.68,61,84,1.84,MA,1726181077
310,luanda,-8.8368,13.2343,23.0,83,75,2.57,AO,1726181078
311,kapuskasing,49.4169,-82.4331,25.05,65,75,4.12,CA,1726180921
312,colchani,-20.3,-66.9333,9.63,26,0,5.0,BO,1726181081
313,hadibu,12.65,54.0333,25.31,84,26,8.5,YE,1726181082
314,cheongsong gun,36.4335,129.057,23.28,96,100,0.59,KR,1726181083
315,ola,59.5833,151.2833,8.78,87,100,4.13,RU,1726181084
316,katsuura,35.1333,140.3,28.08,76,0,6.96,JP,1726181085
317,prince rupert,54.3161,-130.3201,15.05,67,100,7.2,CA,1726181086
318,el bayadh,33.6832,1.0193,20.72,51,8,1.71,DZ,1726181088
319,hirara,24.8,125.2833,28.15,83,20,4.63,JP,1726181089
320,ust-tsilma,65.441,52.1498,13.63,92,96,2.06,RU,1726181090
321,gisborne,-38.6533,178.0042,15.02,50,90,5.14,NZ,1726181091
322,mejit,10.2753,170.8646,27.9,82,100,5.45,MH,1726181092
323,itaiba,-8.9475,-37.4228,19.72,85,83,5.32,BR,1726181093
324,lompoc,34.6391,-120.4579,20.94,65,0,9.26,US,1726181095
325,lambari,-21.9756,-45.3503,21.17,29,0,0.95,BR,1726181096
326,mwanza,-2.5167,32.9,24.1,60,98,2.3,TZ,1726181097
327,george,-33.963,22.4617,12.75,88,0,3.09,ZA,1726181098
328,okhotsk,59.3833,143.3,11.45,78,97,6.61,RU,1726181099
329,maceio,-9.6658,-35.7353,23.69,94,75,2.57,BR,1726181100
330,cidade velha,14.9167,-23.6167,27.26,83,75,8.23,CV,1726181102
331,westport,41.1415,-73.3579,22.87,76,0,3.6,US,1726181010
332,kuala terengganu,5.3302,103.1408,25.97,89,20,1.54,MY,1726181104
333,debal'tseve,48.3407,38.4049,23.07,28,100,7.74,UA,1726181105
334,jiagedaqi,50.4167,124.1167,5.31,47,0,1.83,CN,1726181106
335,ndele,8.4109,20.6473,21.85,96,99,1.17,CF,1726181107
336,ambalangoda,6.2355,80.0538,26.9,85,100,5.48,LK,1726181108
337,robore,-18.3333,-59.75,28.05,57,2,0.0,BO,1726181110
338,bafra,41.5678,35.9069,20.46,79,4,2.22,TR,1726181111
339,yorkton,51.2167,-102.4677,20.91,78,40,8.23,CA,1726181112
340,impfondo,1.6381,18.0667,22.98,92,89,1.3,CG,1726181113
341,laminusa,5.5549,120.9136,28.0,80,100,7.95,PH,1726181114
342,anloga,5.7947,0.8973,24.87,90,30,4.44,GH,1726181115
343,kirkwood,38.5834,-90.4068,27.77,53,100,4.63,US,1726181117
344,pasuquin,18.3328,120.6177,24.97,100,75,0.51,PH,1726181118
345,macusani,-14.0833,-70.4333,3.46,69,37,4.04,PE,1726181119
346,nova sintra,14.8667,-24.7167,26.9,87,23,8.67,CV,1726181120
347,labrador city,52.9463,-66.9114,18.95,55,75,2.06,CA,1726181113
348,augusto correa,-1.0217,-46.635,25.91,78,28,2.92,BR,1726181122
349,oum hadjer,13.2954,19.6966,24.94,79,100,3.54,TD,1726181124
350,kalach,50.4258,41.0261,21.28,32,99,6.85,RU,1726181125
351,nadym,65.5333,72.5167,12.86,89,22,4.36,RU,1726181126
352,solnechnyy,50.7214,136.6319,9.41,41,39,4.56,RU,1726181127
353,yamethin,20.4333,96.15,22.65,93,100,2.98,MM,1726181128
354,marion,39.7684,-86.1555,30.31,37,0,3.09,US,1726181046
355,walla walla,46.0646,-118.343,22.15,53,100,4.12,US,1726181130
356,oltiariq,40.3919,71.4742,17.86,23,100,1.1,UZ,1726181132
357,alofi,-19.0595,-169.9187,26.94,69,75,7.2,NU,1726181133
358,bowen,-20.0167,148.2333,22.71,70,1,3.53,AU,1726181134
359,northam,51.0333,-4.2167,11.45,75,4,4.05,GB,1726181135
360,fortuna,40.5982,-124.1573,21.63,66,0,7.72,US,1726181136
361,undurkhaan,47.3194,110.6556,6.23,74,100,4.59,MN,1726181137
362,salalah,17.0151,54.0924,28.05,83,75,3.6,OM,1726181139
363,kalmunai,7.4167,81.8167,28.05,78,100,0.74,LK,1726181140
364,kristiansund,63.1115,7.732,9.36,66,75,6.17,NO,1726181141
365,thinadhoo,0.5333,72.9333,28.35,73,100,2.09,MV,1726181142
366,akureyri,65.6835,-18.0878,0.96,80,0,0.0,IS,1726181144
367,bengkulu,-3.8004,102.2655,23.94,86,67,2.62,ID,1726181146
368,iskateley,67.6803,53.1512,14.96,82,57,3.14,RU,1726181147
369,rustaq,23.3908,57.4244,29.7,42,5,2.38,OM,1726181149
370,tympaki,35.0729,24.7685,22.84,83,5,3.09,GR,1726181150
371,kirakira,-10.4544,161.9205,27.61,80,97,4.45,SB,1726181151
372,ar ruseris,11.8659,34.3869,25.29,84,100,2.28,SD,1726181153
373,goz beida,13.95,20.55,24.28,84,100,3.92,TD,1726181154
374,bereznik,62.8551,42.7072,16.63,72,98,2.45,RU,1726181155
375,santana,-0.0583,-51.1817,30.1,74,40,4.63,BR,1726181156
376,kotli,33.5167,73.9167,21.22,68,0,1.34,PK,1726181157
377,mukalla,14.5425,49.1242,27.08,76,64,1.7,YE,1726181158
378,altai,46.3722,96.2583,4.37,70,6,1.42,MN,1726181160
379,launceston,-41.45,147.1667,10.8,93,75,4.63,AU,1726181161
380,rapid city,44.0805,-103.231,32.94,22,75,9.26,US,1726180904
381,chilliwack,49.1747,-121.9443,21.03,71,83,2.57,CA,1726180621
382,ust'-ilimsk,58.0006,102.6619,3.67,90,89,2.06,RU,1726181164
383,grand baie,-20.0182,57.5802,20.25,79,38,0.45,MU,1726181165
384,marhaura,25.9667,84.8667,27.27,83,75,3.4,IN,1726181166
385,juneau,58.3019,-134.4197,11.9,95,100,7.2,US,1726180942
386,shubarkuduk,49.1447,56.4872,16.03,50,1,8.58,KZ,1726181169
387,bintulu,3.1667,113.0333,26.23,88,20,2.68,MY,1726181132
388,trat,12.5,102.5,25.47,93,100,0.45,TH,1726181171
389,chaman,30.9236,66.4512,22.01,13,0,1.97,PK,1726181172
390,dudinka,69.4058,86.1778,4.37,86,100,5.37,RU,1726181173
391,worland,44.0169,-107.9554,18.25,55,0,6.69,US,1726181175
392,zaragoza,41.6561,-0.8773,16.68,41,20,8.23,ES,1726180929
393,angaur state,6.906,134.13,28.36,78,100,13.58,PW,1726181177
394,la junta,37.985,-103.5438,36.16,11,0,6.69,US,1726181178
395,callao,-12.0667,-77.15,17.16,77,40,4.63,PE,1726181053
396,danville,36.586,-79.395,25.21,64,75,0.0,US,1726181124
397,vilyuysk,63.7553,121.6247,2.15,82,31,4.39,RU,1726181181
398,romblon,12.5751,122.2708,27.36,81,100,2.32,PH,1726181183
399,moengo,5.6167,-54.4,26.47,75,14,2.33,SR,1726181184
400,lundazi,-12.2929,33.1782,19.54,51,39,3.61,ZM,1726181186
401,altay,47.8667,88.1167,7.46,74,27,2.48,CN,1726181187
402,insar,53.8653,44.3738,17.27,53,99,3.58,RU,1726181188
403,trail,49.0998,-117.7022,21.01,45,100,1.41,CA,1726181190
404,kyabe,9.4515,18.9449,23.11,94,32,1.63,TD,1726181191
405,pisco,-13.7,-76.2167,19.03,72,0,2.57,PE,1726181192
406,keflavik,64.0049,-22.5624,5.24,93,40,3.09,IS,1726181193
407,alotau,-10.3069,150.4462,25.96,86,100,1.85,PG,1726181194
408,kani keli,-12.9536,45.1033,23.59,81,7,2.39,YT,1726181195
409,shetpe,44.1667,52.1167,20.74,33,3,3.0,KZ,1726181198
410,boyolangu,-8.1181,111.8935,22.38,95,40,0.65,ID,1726181199
411,cururupu,-1.8283,-44.8683,24.86,81,63,1.9,BR,1726181200
412,bubaque,11.2833,-15.8333,25.93,85,100,3.16,GW,1726181201
413,oranjemund,-28.55,16.4333,11.12,79,0,0.3,NA,1726181202
414,shubarshi,48.5872,57.1869,16.41,45,5,7.83,KZ,1726181204
415,peniche,39.3558,-9.3811,18.45,95,58,8.92,PT,1726181093
416,kosti,13.1629,32.6635,27.62,67,87,4.31,SD,1726181206
417,hammerfest,70.6634,23.6821,15.25,58,71,9.77,NO,1726181207
418,hozat,39.1083,39.2213,18.86,24,0,2.59,TR,1726181208
419,saldanha,-33.0117,17.9442,7.03,81,38,3.04,ZA,1726181209
420,puerto cabezas,14.0351,-83.3888,30.98,79,20,3.09,NI,1726181211
421,bayganin,48.6947,55.8742,16.71,49,1,7.73,KZ,1726181213
422,chibougamau,49.9168,-74.3659,22.79,56,0,2.06,CA,1726181214
423,okha,53.5739,142.9478,9.38,83,100,10.57,RU,1726181215
424,omaruru,-21.4333,15.9333,17.74,21,0,2.45,NA,1726181216
425,assab,13.0092,42.7394,31.99,71,100,2.04,ER,1726181218
426,maffra,-37.9667,146.9833,12.57,65,33,2.52,AU,1726181219
427,zahedan,29.4963,60.8629,14.95,14,0,4.12,IR,1726181220
428,lucapa,-8.4192,20.7447,20.81,74,54,1.09,AO,1726181221
429,vallenar,-28.5708,-70.7581,15.88,53,0,2.11,CL,1726181175
430,tual,-5.6667,132.75,26.41,76,96,9.57,ID,1726181223
431,asau,46.4333,26.4,13.86,90,24,2.1,RO,1726181225
432,i-n-salah,27.1935,2.4607,35.29,18,15,4.36,DZ,1726181226
433,suva,-18.1416,178.4415,26.71,78,75,4.63,FJ,1726181227
434,kuta,-8.7233,115.1723,24.97,94,75,1.54,ID,1726181228
435,paragominas,-2.9667,-47.4833,30.46,47,69,3.06,BR,1726181052
436,pionerskiy,54.9508,20.2275,14.91,86,100,7.61,RU,1726181230
437,saudarkrokur,65.7461,-19.6394,1.94,72,28,2.84,IS,1726181231
438,pacific grove,36.6177,-121.9166,20.82,85,0,5.14,US,1726181233
439,aral,40.5156,81.2636,19.6,33,4,4.02,CN,1726181234
440,contamana,-7.3333,-75.0167,33.64,31,84,1.41,PE,1726181235
441,sinop,41.7711,34.8709,17.38,75,9,2.75,TR,1726181236
442,miguel ahumada,30.6167,-106.5167,35.01,9,0,5.63,MX,1726181237
443,gornopravdinsk,60.05,69.9,10.61,96,6,1.88,RU,1726181238
444,bantay,17.5847,120.3892,26.62,88,100,1.04,PH,1726181240
445,ujae,8.9322,165.7642,28.46,72,96,1.42,MH,1726181241
446,revelstoke,50.9832,-118.2023,21.01,49,100,4.63,CA,1726181242
447,sao vicente,-23.9631,-46.3919,28.88,26,0,1.75,BR,1726180977
448,sosnovo-ozerskoye,52.5249,111.5418,0.83,72,0,1.47,RU,1726181244
449,tvoroyri,61.5556,-6.8111,8.6,61,57,7.7,FO,1726181245
450,arvi,20.9833,78.2333,23.4,89,100,4.48,IN,1726181247
451,veraval,20.9,70.3667,27.29,73,90,6.92,IN,1726181248
452,tadine,-21.55,167.8833,25.07,68,2,7.21,NC,1726181249
453,ploneour-lanvern,47.9,-4.2833,10.18,76,75,4.12,FR,1726181250
454,east ballina,-28.8667,153.5833,17.4,74,78,11.13,AU,1726181251
455,acarau,-2.8856,-40.12,25.31,79,47,8.02,BR,1726181252
456,nantucket,41.2835,-70.0995,20.06,73,0,2.57,US,1726181254
457,hotan,37.0997,79.9269,18.79,38,0,1.87,CN,1726181255
458,bajina basta,43.9708,19.5675,17.69,77,52,2.52,RS,1726181256
459,bayanhongor,46.7167,100.1167,2.95,95,100,1.48,MN,1726181257
460,san rafael del yuma,18.4299,-68.6739,30.11,79,24,3.11,DO,1726181258
461,nikel,69.4128,30.222,14.12,87,62,3.17,RU,1726181259
462,opuwo,-18.0607,13.84,20.23,24,6,2.8,NA,1726181260
463,makokou,0.5738,12.8642,21.19,96,97,0.36,GA,1726181262
464,iwamizawa,43.2003,141.7597,18.47,71,60,2.23,JP,1726181263
465,bichura,50.5881,107.6022,4.08,73,84,0.81,RU,1726181264
466,ta`u,-14.2336,-169.5144,26.2,84,85,9.47,AS,1726181265
467,cartagena,10.3997,-75.5144,29.79,75,40,2.57,CO,1726181172
468,chernyshevsk,52.5243,117.0174,3.01,44,0,1.02,RU,1726181267
469,tangalle,6.024,80.7911,26.0,87,100,4.64,LK,1726181269
470,hun,29.1268,15.9477,31.0,36,4,8.89,LY,1726181270
471,palu,-0.8917,119.8707,24.21,95,100,1.01,ID,1726181271
472,kapurthala,31.3794,75.3847,24.04,81,0,0.95,IN,1726181272
473,kokstad,-30.5472,29.4241,13.16,78,6,1.29,ZA,1726181273
474,alliance,40.9153,-81.1059,27.15,54,9,3.01,US,1726181274
475,kone,-21.0595,164.8658,29.36,49,1,1.15,NC,1726181276
476,betio village,1.358,172.9211,31.02,64,91,5.57,KI,1726181277
477,grenada,37.1882,-3.6067,21.2,51,0,3.09,ES,1726181278
478,hasaki,35.7333,140.8333,27.73,77,0,7.07,JP,1726181152
479,boende,-0.2167,20.8667,21.84,94,98,1.0,CD,1726181281
480,kerikeri,-35.2268,173.9474,15.35,62,99,3.21,NZ,1726181283
481,anlu,31.1661,112.5831,22.78,86,100,2.44,CN,1726181284
482,lethem,3.3803,-59.7968,29.93,57,76,2.82,GY,1726181285
483,nogliki,51.8333,143.1667,8.23,77,97,8.81,RU,1726181286
484,igarka,67.4667,86.5833,9.75,95,96,4.38,RU,1726181287
485,lincoln city,44.9582,-124.0179,18.72,89,43,1.79,US,1726181288
486,santa rosalia,27.3167,-112.2833,35.11,29,0,1.5,MX,1726181145
487,uyuni,-20.4597,-66.825,10.57,21,0,5.23,BO,1726181291
488,san nicolas,18.1725,120.5953,24.95,100,75,0.51,PH,1726181292
489,axim,4.8699,-2.2405,23.47,95,33,2.82,GH,1726181294
490,changji,44.0167,87.3167,15.44,58,0,1.0,CN,1726181295
491,kulhudhuffushi,6.6221,73.07,27.7,79,97,3.44,MV,1726181297
492,troy,42.6056,-83.1499,28.18,56,0,4.63,US,1726181138
493,maraba,-5.3686,-49.1178,31.1,45,4,0.51,BR,1726181299
494,george town,5.4112,100.3354,25.96,93,40,3.13,MY,1726181274
495,coquimbo,-29.9533,-71.3436,12.85,86,100,2.57,CL,1726181301
496,surab,28.4914,66.2585,19.98,24,0,2.13,PK,1726181302
497,rio grande,-32.035,-52.0986,13.75,96,100,4.58,BR,1726181120
498,gangtok,27.3333,88.6167,20.58,75,73,2.71,IN,1726181305
499,leon,21.1167,-101.6667,26.03,63,88,3.47,MX,1726181135
500,tzucacab,20.0667,-89.05,34.96,43,95,1.6,MX,1726181307
501,pont rouge,48.8833,-72.0825,19.8,75,96,1.79,CA,1726181308
502,dzhalagash,45.0833,64.6667,18.11,26,0,6.88,KZ,1726181309
503,calbuco,-41.768,-73.1273,8.28,85,100,3.13,CL,1726181221
504,walvis bay,-22.9575,14.5053,10.53,81,0,2.06,NA,1726181312
505,puerto cortez,15.8333,-87.95,30.01,78,47,3.43,HN,1726181313
506,douentza,14.9951,-2.9517,29.84,63,36,3.42,ML,1726181314
507,port shepstone,-30.7414,30.455,20.4,90,87,2.7,ZA,1726181315
508,saurimo,-9.6608,20.3916,23.4,49,91,2.25,AO,1726181316
509,san julian,21.0167,-102.1667,21.69,68,84,5.7,MX,1726181317
510,canguaretama,-6.38,-35.1289,21.73,85,28,4.41,BR,1726181318
511,macapa,0.0389,-51.0664,29.99,74,40,4.63,BR,1726181320
512,genhe,50.7833,121.5167,2.76,45,4,0.62,CN,1726181321
513,gobabis,-22.45,18.9667,17.96,17,4,2.87,NA,1726181322
514,kirensk,57.7853,108.1119,5.99,91,100,3.04,RU,1726181323
515,bozkurt,41.9577,34.0109,20.58,70,0,2.97,TR,1726181324
516,mucurici,-18.0933,-40.5158,22.14,71,2,5.31,BR,1726181325
517,portland,45.5234,-122.6762,20.96,71,100,4.12,US,1726181327
518,tshela,-4.9833,12.9333,22.29,94,75,0.89,CD,1726181328
519,bodo,67.28,14.405,12.02,79,0,2.57,NO,1726181329
520,santa cruz del sur,20.7147,-77.9956,30.16,70,100,4.02,CU,1726181330
521,olinda,-8.0089,-34.8553,25.85,73,40,4.63,BR,1726181331
522,pacasmayo,-7.4006,-79.5714,18.04,82,69,6.15,PE,1726181111
523,tallulah,32.4085,-91.1868,25.0,78,100,0.0,US,1726181333
524,itaituba,-4.2761,-55.9836,33.23,27,53,1.26,BR,1726181335
525,plattsburgh,44.6995,-73.4529,22.17,74,53,0.77,US,1726181300
526,tolanaro,-25.0319,46.9987,20.04,83,75,5.14,MG,1726181337
527,conception bay south,47.4999,-52.9981,15.51,79,10,3.72,CA,1726181338
528,comilla,23.4578,91.2044,26.29,93,99,2.26,BD,1726181339
529,afif,23.9065,42.9172,29.45,14,11,4.01,SA,1726181342
530,fasa,28.9383,53.6482,20.58,24,0,3.09,IR,1726181343
531,turpan,42.9333,89.1667,22.27,31,5,0.84,CN,1726181344
532,oroqen zizhiqi,50.5667,123.7167,4.74,45,1,1.44,CN,1726181345
533,puerto baquerizo moreno,-0.9,-89.6,22.55,94,40,6.17,EC,1726181346
534,ijui,-28.3878,-53.9147,18.01,97,76,3.14,BR,1726181347
535,palapye,-22.546,27.1251,20.75,43,3,3.12,BW,1726181349
536,xam nua,20.4197,104.0439,18.57,99,83,0.56,LA,1726181350
537,snyder,32.7179,-100.9176,30.19,37,0,3.6,US,1726181352
538,fortaleza,-3.7227,-38.5247,27.82,89,20,6.69,BR,1726180713
539,sisimiut,66.9395,-53.6735,3.2,84,0,0.59,GL,1726181354
540,san pedro pochutla,15.7333,-96.4667,31.84,77,75,1.98,MX,1726181141
541,kharp,66.8014,65.8081,13.04,82,65,3.76,RU,1726181357
542,lasalgaon,20.15,74.2333,20.49,90,100,4.17,IN,1726181358
543,concepcion del uruguay,-32.4825,-58.2372,14.99,76,99,2.24,AR,1726181342
544,zadar,44.1197,15.2422,17.34,94,40,2.06,HR,1726181362
545,kawalu,-7.3817,108.2082,20.45,96,56,0.43,ID,1726181363
546,port douglas,-16.4833,145.4667,23.45,70,34,3.78,AU,1726181364
547,ocos,14.5094,-92.1933,29.85,71,58,2.54,GT,1726181365
548,borovichi,58.3878,33.9155,17.83,79,100,2.97,RU,1726181366
549,zwedru,6.0667,-8.1281,21.72,99,64,1.37,LR,1726181368
550,bezhetsk,57.7851,36.6965,20.73,37,100,5.08,RU,1726181369
551,namsos,64.4662,11.4957,9.95,66,20,3.09,NO,1726181370
552,safi,32.1667,-8.8333,20.45,74,11,6.08,MA,1726181371
553,mount gambier,-37.8333,140.7667,11.65,83,100,2.33,AU,1726181372
554,nar'yan-mar,67.6713,53.087,14.99,82,57,3.16,RU,1726181373
555,dali,25.7,100.1833,15.92,92,94,0.87,CN,1726181374
556,castillos,-34.1667,-53.8333,10.29,85,90,1.86,UY,1726181376
557,dhanwar,24.4167,85.9833,25.69,84,100,3.68,IN,1726181377
558,bezdead,45.15,25.5167,17.22,88,40,2.76,RO,1726181378
559,utica,43.1009,-75.2327,23.83,73,46,1.52,US,1726181162
560,poronaysk,49.2167,143.1167,12.06,51,0,7.38,RU,1726181380
561,san luis de la loma,17.2706,-100.8939,29.31,76,37,1.59,MX,1726181381
562,margate,51.3813,1.3862,12.05,73,21,1.34,GB,1726181383
563,revda,56.801,59.9303,8.08,92,99,1.2,RU,1726181384
564,chhatarpur,24.9,79.6,24.03,92,100,5.39,IN,1726181385
